content,score,clean_text,token,stopword_removal,stemming
"Lucu asli, kalo buka realtime trx harganya Rp.2515 sedangkan mode pro reku harga per trx Rp.2525. lu transaksi sebagai pembeli bisa jual diharga mode pronya. Tapi giliran transaksi jual harus mode lightning. Apa ngga sedih sama exchange lokal wkwk",1,lucu asli kalo buka realtime trx harganya rp sedangkan mode pro reku harga per trx rp lu transaksi sebagai pembeli bisa jual diharga mode pronya tapi giliran transaksi jual harus mode lightning apa ngga sedih sama exchange lokal wkwk,"['lucu', 'asli', 'kalo', 'buka', 'realtime', 'trx', 'harganya', 'rp', 'sedangkan', 'mode', 'pro', 'reku', 'harga', 'per', 'trx', 'rp', 'lu', 'transaksi', 'sebagai', 'pembeli', 'bisa', 'jual', 'diharga', 'mode', 'pronya', 'tapi', 'giliran', 'transaksi', 'jual', 'harus', 'mode', 'lightning', 'apa', 'ngga', 'sedih', 'sama', 'exchange', 'lokal', 'wkwk']","['lucu', 'asli', 'kalo', 'buka', 'realtime', 'trx', 'harganya', 'rp', 'mode', 'pro', 'reku', 'harga', 'per', 'trx', 'rp', 'lu', 'transaksi', 'pembeli', 'jual', 'diharga', 'mode', 'pronya', 'giliran', 'transaksi', 'jual', 'mode', 'lightning', 'apa', 'ngga', 'sedih', 'sama', 'exchange', 'lokal', 'wkwk']","['lucu', 'asli', 'kalo', 'buka', 'realtime', 'trx', 'harga', 'rp', 'mode', 'pro', 'reku', 'harga', 'per', 'trx', 'rp', 'lu', 'transaksi', 'beli', 'jual', 'harga', 'mode', 'pro', 'gilir', 'transaksi', 'jual', 'mode', 'lightning', 'apa', 'ngga', 'sedih', 'sama', 'exchange', 'lokal', 'wkwk']"
"aplikasi REKU adalah dompet yang sama juga mutu nya dengan Dompet kartu Bank yang ada di Indonesia. selain terpercaya, juga REKU mudah untuk melakukan transaksi perbankan.",5,aplikasi reku adalah dompet yang sama juga mutu nya dengan dompet kartu bank yang ada di indonesia selain terpercaya juga reku mudah untuk melakukan transaksi perbankan,"['aplikasi', 'reku', 'adalah', 'dompet', 'yang', 'sama', 'juga', 'mutu', 'nya', 'dengan', 'dompet', 'kartu', 'bank', 'yang', 'ada', 'di', 'indonesia', 'selain', 'terpercaya', 'juga', 'reku', 'mudah', 'untuk', 'melakukan', 'transaksi', 'perbankan']","['aplikasi', 'reku', 'dompet', 'sama', 'mutu', 'nya', 'dompet', 'kartu', 'bank', 'indonesia', 'terpercaya', 'reku', 'mudah', 'melakukan', 'transaksi', 'perbankan']","['aplikasi', 'reku', 'dompet', 'sama', 'mutu', 'nya', 'dompet', 'kartu', 'bank', 'indonesia', 'percaya', 'reku', 'mudah', 'laku', 'transaksi', 'perban']"
ok,5,ok,['ok'],[],[]
"tambah mahal,, jarak jual dan belinya terlalu gede.,, masa iya skali beli kepotong 10%, 30%",3,tambah mahal jarak jual dan belinya terlalu gede masa iya skali beli kepotong,"['tambah', 'mahal', 'jarak', 'jual', 'dan', 'belinya', 'terlalu', 'gede', 'masa', 'iya', 'skali', 'beli', 'kepotong']","['tambah', 'mahal', 'jarak', 'jual', 'belinya', 'terlalu', 'gede', 'masa', 'iya', 'skali', 'beli', 'kepotong']","['tambah', 'mahal', 'jarak', 'jual', 'beli', 'terlalu', 'gede', 'masa', 'iya', 'skali', 'beli', 'potong']"
"Aplikasi ini bagus untuk berdagang kripto, tampilan juga mudah di pahami tidak ribet, pakai ini saat mau daftar â£ï¸ nakama â£ï¸ sangat kompetitif untuk perdagangan yang efisien tanpa biaya yang besar, permintaan topup dan penarikan diproses dengan cepat, ini merupakan nilai tambah yang sangat besar, di tambah pelayanan cs sangat cepat respon, reku salah satu platform andalan, sangat rekomendasi untuk pemakaian. ğŸ‘",5,aplikasi ini bagus untuk berdagang kripto tampilan juga mudah di pahami tidak ribet pakai ini saat mau daftar â£ï¸ nakama â£ï¸ sangat kompetitif untuk perdagangan yang efisien tanpa biaya yang besar permintaan topup dan penarikan diproses dengan cepat ini merupakan nilai tambah yang sangat besar di tambah pelayanan cs sangat cepat respon reku salah satu platform andalan sangat rekomendasi untuk pemakaian ğŸ‘,"['aplikasi', 'ini', 'bagus', 'untuk', 'berdagang', 'kripto', 'tampilan', 'juga', 'mudah', 'di', 'pahami', 'tidak', 'ribet', 'pakai', 'ini', 'saat', 'mau', 'daftar', 'â£ï¸', 'nakama', 'â£ï¸', 'sangat', 'kompetitif', 'untuk', 'perdagangan', 'yang', 'efisien', 'tanpa', 'biaya', 'yang', 'besar', 'permintaan', 'topup', 'dan', 'penarikan', 'diproses', 'dengan', 'cepat', 'ini', 'merupakan', 'nilai', 'tambah', 'yang', 'sangat', 'besar', 'di', 'tambah', 'pelayanan', 'cs', 'sangat', 'cepat', 'respon', 'reku', 'salah', 'satu', 'platform', 'andalan', 'sangat', 'rekomendasi', 'untuk', 'pemakaian', 'ğŸ‘']","['aplikasi', 'bagus', 'berdagang', 'kripto', 'tampilan', 'mudah', 'pahami', 'ribet', 'pakai', 'mau', 'daftar', 'â£ï¸', 'nakama', 'â£ï¸', 'sangat', 'kompetitif', 'perdagangan', 'efisien', 'biaya', 'besar', 'permintaan', 'topup', 'penarikan', 'diproses', 'cepat', 'merupakan', 'nilai', 'tambah', 'sangat', 'besar', 'tambah', 'pelayanan', 'cs', 'sangat', 'cepat', 'respon', 'reku', 'salah', 'satu', 'platform', 'andalan', 'sangat', 'rekomendasi', 'pemakaian', 'ğŸ‘']","['aplikasi', 'bagus', 'dagang', 'kripto', 'tampil', 'mudah', 'paham', 'ribet', 'pakai', 'mau', 'daftar', '', 'nakama', '', 'sangat', 'kompetitif', 'dagang', 'efisien', 'biaya', 'besar', 'minta', 'topup', 'tari', 'proses', 'cepat', 'rupa', 'nilai', 'tambah', 'sangat', 'besar', 'tambah', 'layan', 'cs', 'sangat', 'cepat', 'respon', 'reku', 'salah', 'satu', 'platform', 'andal', 'sangat', 'rekomendasi', 'pakai', '']"
baru mau coba muda mudahan apk nya bagus,5,baru mau coba muda mudahan apk nya bagus,"['baru', 'mau', 'coba', 'muda', 'mudahan', 'apk', 'nya', 'bagus']","['baru', 'mau', 'coba', 'muda', 'mudahan', 'apk', 'nya', 'bagus']","['baru', 'mau', 'coba', 'muda', 'mudah', 'apk', 'nya', 'bagus']"
udh Joss pokoknya,5,udh joss pokoknya,"['udh', 'joss', 'pokoknya']","['udh', 'joss', 'pokoknya']","['udh', 'joss', 'pokok']"
"Exchange lokal paling mantap, admin ga ribe terus varian Bank bnyak",5,exchange lokal paling mantap admin ga ribe terus varian bank bnyak,"['exchange', 'lokal', 'paling', 'mantap', 'admin', 'ga', 'ribe', 'terus', 'varian', 'bank', 'bnyak']","['exchange', 'lokal', 'paling', 'mantap', 'admin', 'ga', 'ribe', 'terus', 'varian', 'bank', 'bnyak']","['exchange', 'lokal', 'paling', 'mantap', 'admin', 'ga', 'ribe', 'terus', 'varian', 'bank', 'bnyak']"
Sekuritas paraah mines 5 persen abis itu naik 9 persen harusnya udah profit 4 persen ini malah masih mines 4 persen kocak giliran turun aja grecep saldo ngurang nyaa gliran naik di sekuritas lain naik disini malah mines ajaa kocakkk,1,sekuritas paraah mines  persen abis itu naik  persen harusnya udah profit  persen ini malah masih mines  persen kocak giliran turun aja grecep saldo ngurang nyaa gliran naik di sekuritas lain naik disini malah mines ajaa kocakkk,"['sekuritas', 'paraah', 'mines', 'persen', 'abis', 'itu', 'naik', 'persen', 'harusnya', 'udah', 'profit', 'persen', 'ini', 'malah', 'masih', 'mines', 'persen', 'kocak', 'giliran', 'turun', 'aja', 'grecep', 'saldo', 'ngurang', 'nyaa', 'gliran', 'naik', 'di', 'sekuritas', 'lain', 'naik', 'disini', 'malah', 'mines', 'ajaa', 'kocakkk']","['sekuritas', 'paraah', 'mines', 'persen', 'abis', 'naik', 'persen', 'harusnya', 'udah', 'profit', 'persen', 'malah', 'mines', 'persen', 'kocak', 'giliran', 'turun', 'aja', 'grecep', 'saldo', 'ngurang', 'nyaa', 'gliran', 'naik', 'sekuritas', 'naik', 'disini', 'malah', 'mines', 'ajaa', 'kocakkk']","['sekuritas', 'paraah', 'mes', 'persen', 'abis', 'naik', 'persen', 'harus', 'udah', 'profit', 'persen', 'malah', 'mes', 'persen', 'kocak', 'gilir', 'turun', 'aja', 'grecep', 'saldo', 'ngurang', 'nyaa', 'gliran', 'naik', 'sekuritas', 'naik', 'sini', 'malah', 'mes', 'ajaa', 'kocakkk']"
Kirim crypto lama..bgt... Fee juga terlalu mahal... jauh diatas rataÂ² fee market.. market fee 5k.. di sini hmpir 10k.. 2x lipat.. bhkan ada yg 5x lipat.. contoh TRX.. rataÂ² fee market send 1 TRX - 2 TRX .. di sini 5 TRX !! Fee trade crypto juga mahal bgt.. Pantes volume trade kecil..!! Gk ada yg minat trade crypto di sini. RataÂ² ke saham.,2,kirim crypto lamabgt fee juga terlalu mahal jauh diatas rataÂ² fee market market fee k di sini hmpir k x lipat bhkan ada yg x lipat contoh trx rataÂ² fee market send  trx   trx  di sini  trx  fee trade crypto juga mahal bgt pantes volume trade kecil gk ada yg minat trade crypto di sini rataÂ² ke saham,"['kirim', 'crypto', 'lamabgt', 'fee', 'juga', 'terlalu', 'mahal', 'jauh', 'diatas', 'rataÂ²', 'fee', 'market', 'market', 'fee', 'k', 'di', 'sini', 'hmpir', 'k', 'x', 'lipat', 'bhkan', 'ada', 'yg', 'x', 'lipat', 'contoh', 'trx', 'rataÂ²', 'fee', 'market', 'send', 'trx', 'trx', 'di', 'sini', 'trx', 'fee', 'trade', 'crypto', 'juga', 'mahal', 'bgt', 'pantes', 'volume', 'trade', 'kecil', 'gk', 'ada', 'yg', 'minat', 'trade', 'crypto', 'di', 'sini', 'rataÂ²', 'ke', 'saham']","['kirim', 'crypto', 'lamabgt', 'fee', 'terlalu', 'mahal', 'jauh', 'diatas', 'rataÂ²', 'fee', 'market', 'market', 'fee', 'k', 'sini', 'hmpir', 'k', 'x', 'lipat', 'bhkan', 'yg', 'x', 'lipat', 'contoh', 'trx', 'rataÂ²', 'fee', 'market', 'send', 'trx', 'trx', 'sini', 'trx', 'fee', 'trade', 'crypto', 'mahal', 'bgt', 'pantes', 'volume', 'trade', 'kecil', 'gk', 'yg', 'minat', 'trade', 'crypto', 'sini', 'rataÂ²', 'saham']","['kirim', 'crypto', 'lamabgt', 'fee', 'terlalu', 'mahal', 'jauh', 'atas', 'rata', 'fee', 'market', 'market', 'fee', 'k', 'sini', 'hmpir', 'k', 'x', 'lipat', 'bhkan', 'yg', 'x', 'lipat', 'contoh', 'trx', 'rata', 'fee', 'market', 'send', 'trx', 'trx', 'sini', 'trx', 'fee', 'trade', 'crypto', 'mahal', 'bgt', 'pantes', 'volume', 'trade', 'kecil', 'gk', 'yg', 'minat', 'trade', 'crypto', 'sini', 'rata', 'saham']"
reku sangat cocok untuk digunakan dalam aplikasi perdagangan kripto menurut saya aplikasi reku sangat mudah untuk digunakan dan mudah untuk di pelajari,5,reku sangat cocok untuk digunakan dalam aplikasi perdagangan kripto menurut saya aplikasi reku sangat mudah untuk digunakan dan mudah untuk di pelajari,"['reku', 'sangat', 'cocok', 'untuk', 'digunakan', 'dalam', 'aplikasi', 'perdagangan', 'kripto', 'menurut', 'saya', 'aplikasi', 'reku', 'sangat', 'mudah', 'untuk', 'digunakan', 'dan', 'mudah', 'untuk', 'di', 'pelajari']","['reku', 'sangat', 'cocok', 'digunakan', 'aplikasi', 'perdagangan', 'kripto', 'aplikasi', 'reku', 'sangat', 'mudah', 'digunakan', 'mudah', 'pelajari']","['reku', 'sangat', 'cocok', 'guna', 'aplikasi', 'dagang', 'kripto', 'aplikasi', 'reku', 'sangat', 'mudah', 'guna', 'mudah', 'ajar']"
good,5,good,['good'],['good'],['good']
RIBET DAN TIDAK JELASS ğŸ‘ğŸ‘,1,ribet dan tidak jelass ğŸ‘ğŸ‘,"['ribet', 'dan', 'tidak', 'jelass', 'ğŸ‘ğŸ‘']","['ribet', 'jelass', 'ğŸ‘ğŸ‘']","['ribet', 'jelass', '']"
good,5,good,['good'],['good'],['good']
"Saya cukup lama menggunakan Reku ini,dimana kita bisa tahu profit atau tidak,tapi semenjak versi terbaru ini yg sudah memasukkan saham disamping crypto,menu favorit crypto tidak bisa disimpan. Hal ini terjadi sewaktu kita matikan hp atau logout dimenu favorit tetap hanya 3 crypto padahal kita sdh tambah jadi 10 crypto dengan cara geser kekanan",5,saya cukup lama menggunakan reku inidimana kita bisa tahu profit atau tidaktapi semenjak versi terbaru ini yg sudah memasukkan saham disamping cryptomenu favorit crypto tidak bisa disimpan hal ini terjadi sewaktu kita matikan hp atau logout dimenu favorit tetap hanya  crypto padahal kita sdh tambah jadi  crypto dengan cara geser kekanan,"['saya', 'cukup', 'lama', 'menggunakan', 'reku', 'inidimana', 'kita', 'bisa', 'tahu', 'profit', 'atau', 'tidaktapi', 'semenjak', 'versi', 'terbaru', 'ini', 'yg', 'sudah', 'memasukkan', 'saham', 'disamping', 'cryptomenu', 'favorit', 'crypto', 'tidak', 'bisa', 'disimpan', 'hal', 'ini', 'terjadi', 'sewaktu', 'kita', 'matikan', 'hp', 'atau', 'logout', 'dimenu', 'favorit', 'tetap', 'hanya', 'crypto', 'padahal', 'kita', 'sdh', 'tambah', 'jadi', 'crypto', 'dengan', 'cara', 'geser', 'kekanan']","['cukup', 'lama', 'menggunakan', 'reku', 'inidimana', 'tahu', 'profit', 'tidaktapi', 'semenjak', 'versi', 'terbaru', 'yg', 'memasukkan', 'saham', 'disamping', 'cryptomenu', 'favorit', 'crypto', 'disimpan', 'terjadi', 'sewaktu', 'matikan', 'hp', 'logout', 'dimenu', 'favorit', 'tetap', 'crypto', 'padahal', 'sdh', 'tambah', 'jadi', 'crypto', 'cara', 'geser', 'kekanan']","['cukup', 'lama', 'guna', 'reku', 'inidimana', 'tahu', 'profit', 'tidaktapi', 'semenjak', 'versi', 'baru', 'yg', 'masuk', 'saham', 'samping', 'cryptomenu', 'favorit', 'crypto', 'simpan', 'jadi', 'waktu', 'mati', 'hp', 'logout', 'menu', 'favorit', 'tetap', 'crypto', 'padahal', 'sdh', 'tambah', 'jadi', 'crypto', 'cara', 'geser', 'kan']"
Baik,4,baik,['baik'],['baik'],['baik']
Ok om ğŸ‘,5,ok om ğŸ‘,"['ok', 'om', 'ğŸ‘']","['om', 'ğŸ‘']","['om', '']"
"Saya menggunakan aplikasi ini isilah ğŸ’•ğŸ’•b a r o k a h ğŸ’•ğŸ’• ketika daftar biar akunmu aktif, atas rekomendasi seorang teman, seluruh antarmukanya sangat jelas dan lancar, dan fungsi perdagangannya juga sangat lengkap, memiliki variasi perdagangan yang kaya, analisis perubahan harga perdagangan internasional, dan akun demo gratis semuanya Saya sangat menyukainya, tetapi fitur favorit saya adalah kelancaran seluruh transaksi, sehingga saya tidak perlu khawatir akan kelambatan selama transaksiğŸ˜˜.",4,saya menggunakan aplikasi ini isilah ğŸ’•ğŸ’•b a r o k a h ğŸ’•ğŸ’• ketika daftar biar akunmu aktif atas rekomendasi seorang teman seluruh antarmukanya sangat jelas dan lancar dan fungsi perdagangannya juga sangat lengkap memiliki variasi perdagangan yang kaya analisis perubahan harga perdagangan internasional dan akun demo gratis semuanya saya sangat menyukainya tetapi fitur favorit saya adalah kelancaran seluruh transaksi sehingga saya tidak perlu khawatir akan kelambatan selama transaksiğŸ˜˜,"['saya', 'menggunakan', 'aplikasi', 'ini', 'isilah', 'ğŸ’•ğŸ’•b', 'a', 'r', 'o', 'k', 'a', 'h', 'ğŸ’•ğŸ’•', 'ketika', 'daftar', 'biar', 'akunmu', 'aktif', 'atas', 'rekomendasi', 'seorang', 'teman', 'seluruh', 'antarmukanya', 'sangat', 'jelas', 'dan', 'lancar', 'dan', 'fungsi', 'perdagangannya', 'juga', 'sangat', 'lengkap', 'memiliki', 'variasi', 'perdagangan', 'yang', 'kaya', 'analisis', 'perubahan', 'harga', 'perdagangan', 'internasional', 'dan', 'akun', 'demo', 'gratis', 'semuanya', 'saya', 'sangat', 'menyukainya', 'tetapi', 'fitur', 'favorit', 'saya', 'adalah', 'kelancaran', 'seluruh', 'transaksi', 'sehingga', 'saya', 'tidak', 'perlu', 'khawatir', 'akan', 'kelambatan', 'selama', 'transaksiğŸ˜˜']","['menggunakan', 'aplikasi', 'isilah', 'ğŸ’•ğŸ’•b', 'a', 'r', 'o', 'k', 'a', 'h', 'ğŸ’•ğŸ’•', 'daftar', 'biar', 'akunmu', 'aktif', 'atas', 'rekomendasi', 'seorang', 'teman', 'seluruh', 'antarmukanya', 'sangat', 'jelas', 'lancar', 'fungsi', 'perdagangannya', 'sangat', 'lengkap', 'memiliki', 'variasi', 'perdagangan', 'kaya', 'analisis', 'perubahan', 'harga', 'perdagangan', 'internasional', 'akun', 'demo', 'gratis', 'semuanya', 'sangat', 'menyukainya', 'fitur', 'favorit', 'kelancaran', 'seluruh', 'transaksi', 'perlu', 'khawatir', 'kelambatan', 'selama', 'transaksiğŸ˜˜']","['guna', 'aplikasi', 'isi', 'b', 'a', 'r', 'o', 'k', 'a', 'h', '', 'daftar', 'biar', 'akun', 'aktif', 'atas', 'rekomendasi', 'orang', 'teman', 'seluruh', 'antarmuka', 'sangat', 'jelas', 'lancar', 'fungsi', 'dagang', 'sangat', 'lengkap', 'milik', 'variasi', 'dagang', 'kaya', 'analisis', 'ubah', 'harga', 'dagang', 'internasional', 'akun', 'demo', 'gratis', 'semua', 'sangat', 'suka', 'fitur', 'favorit', 'lancar', 'seluruh', 'transaksi', 'perlu', 'khawatir', 'lambat', 'lama', 'transaksi']"
"Buset dehhh.... Beli cuma 10rb,, jadi koin seharga 8rb.. Fee jual beli ga ngotak... Gimna klo beli jutaan... Ilangnya segunung... Contoh indodax.. Fee minim bgt",1,buset dehhh beli cuma rb jadi koin seharga rb fee jual beli ga ngotak gimna klo beli jutaan ilangnya segunung contoh indodax fee minim bgt,"['buset', 'dehhh', 'beli', 'cuma', 'rb', 'jadi', 'koin', 'seharga', 'rb', 'fee', 'jual', 'beli', 'ga', 'ngotak', 'gimna', 'klo', 'beli', 'jutaan', 'ilangnya', 'segunung', 'contoh', 'indodax', 'fee', 'minim', 'bgt']","['buset', 'dehhh', 'beli', 'cuma', 'rb', 'jadi', 'koin', 'seharga', 'rb', 'fee', 'jual', 'beli', 'ga', 'ngotak', 'gimna', 'klo', 'beli', 'jutaan', 'ilangnya', 'segunung', 'contoh', 'indodax', 'fee', 'minim', 'bgt']","['buset', 'dehhh', 'beli', 'cuma', 'rb', 'jadi', 'koin', 'harga', 'rb', 'fee', 'jual', 'beli', 'ga', 'ngotak', 'gimna', 'klo', 'beli', 'juta', 'ilangnya', 'gunung', 'contoh', 'indodax', 'fee', 'minim', 'bgt']"
"Tampilan UI yg simple dan ga ribet dan jangan lupa isilah ..b, a, r, o, k, a, h.. Refvpral ini ketika awal daftar ya,, biar akunmu aktif ya, jadi mudah digunakan, bahkan untuk pemula sekali pun! Keamanan datanya juga oke, pilihan koinnya yg banyak serta biaya fee yg rendah, terus juga sama bonus-bonus dari event yg diadakin sama rekeningku! Ini appnya pokoknya bagus and recomend banget!! #KriptoAmanDiReku",4,tampilan ui yg simple dan ga ribet dan jangan lupa isilah b a r o k a h refvpral ini ketika awal daftar ya biar akunmu aktif ya jadi mudah digunakan bahkan untuk pemula sekali pun keamanan datanya juga oke pilihan koinnya yg banyak serta biaya fee yg rendah terus juga sama bonusbonus dari event yg diadakin sama rekeningku ini appnya pokoknya bagus and recomend banget kriptoamandireku,"['tampilan', 'ui', 'yg', 'simple', 'dan', 'ga', 'ribet', 'dan', 'jangan', 'lupa', 'isilah', 'b', 'a', 'r', 'o', 'k', 'a', 'h', 'refvpral', 'ini', 'ketika', 'awal', 'daftar', 'ya', 'biar', 'akunmu', 'aktif', 'ya', 'jadi', 'mudah', 'digunakan', 'bahkan', 'untuk', 'pemula', 'sekali', 'pun', 'keamanan', 'datanya', 'juga', 'oke', 'pilihan', 'koinnya', 'yg', 'banyak', 'serta', 'biaya', 'fee', 'yg', 'rendah', 'terus', 'juga', 'sama', 'bonusbonus', 'dari', 'event', 'yg', 'diadakin', 'sama', 'rekeningku', 'ini', 'appnya', 'pokoknya', 'bagus', 'and', 'recomend', 'banget', 'kriptoamandireku']","['tampilan', 'ui', 'yg', 'simple', 'ga', 'ribet', 'jangan', 'lupa', 'isilah', 'b', 'a', 'r', 'o', 'k', 'a', 'h', 'refvpral', 'awal', 'daftar', 'biar', 'akunmu', 'aktif', 'jadi', 'mudah', 'digunakan', 'bahkan', 'pemula', 'sekali', 'keamanan', 'datanya', 'oke', 'pilihan', 'koinnya', 'yg', 'banyak', 'biaya', 'fee', 'yg', 'rendah', 'terus', 'sama', 'bonusbonus', 'event', 'yg', 'diadakin', 'sama', 'rekeningku', 'appnya', 'pokoknya', 'bagus', 'and', 'recomend', 'banget', 'kriptoamandireku']","['tampil', 'ui', 'yg', 'simple', 'ga', 'ribet', 'jangan', 'lupa', 'isi', 'b', 'a', 'r', 'o', 'k', 'a', 'h', 'refvpral', 'awal', 'daftar', 'biar', 'akun', 'aktif', 'jadi', 'mudah', 'guna', 'bahkan', 'mula', 'sekali', 'aman', 'data', 'oke', 'pilih', 'koin', 'yg', 'banyak', 'biaya', 'fee', 'yg', 'rendah', 'terus', 'sama', 'bonusbonus', 'event', 'yg', 'diadakin', 'sama', 'rekening', 'appnya', 'pokok', 'bagus', 'and', 'recomend', 'banget', 'kriptoamandireku']"
awesome,5,awesome,['awesome'],['awesome'],['awesome']
Semoga bisa lebih baik lagi,5,semoga bisa lebih baik lagi,"['semoga', 'bisa', 'lebih', 'baik', 'lagi']","['semoga', 'lebih', 'baik']","['moga', 'lebih', 'baik']"
"Reku memiki jaringan yang tidak benar! Saya menarik LTC dari bybit ke reku. Di bybit sudah dikonfirmasi sukses, tapi saat saya cek di Reku LTC tidak masuk sama sekali, padahal alamat wallet dan jaringan yang saya salin 100% benarğŸ‘",2,reku memiki jaringan yang tidak benar saya menarik ltc dari bybit ke reku di bybit sudah dikonfirmasi sukses tapi saat saya cek di reku ltc tidak masuk sama sekali padahal alamat wallet dan jaringan yang saya salin  benarğŸ‘,"['reku', 'memiki', 'jaringan', 'yang', 'tidak', 'benar', 'saya', 'menarik', 'ltc', 'dari', 'bybit', 'ke', 'reku', 'di', 'bybit', 'sudah', 'dikonfirmasi', 'sukses', 'tapi', 'saat', 'saya', 'cek', 'di', 'reku', 'ltc', 'tidak', 'masuk', 'sama', 'sekali', 'padahal', 'alamat', 'wallet', 'dan', 'jaringan', 'yang', 'saya', 'salin', 'benarğŸ‘']","['reku', 'memiki', 'jaringan', 'benar', 'menarik', 'ltc', 'bybit', 'reku', 'bybit', 'dikonfirmasi', 'sukses', 'cek', 'reku', 'ltc', 'masuk', 'sama', 'sekali', 'padahal', 'alamat', 'wallet', 'jaringan', 'salin', 'benarğŸ‘']","['reku', 'mik', 'jaring', 'benar', 'tarik', 'ltc', 'bybit', 'reku', 'bybit', 'konfirmasi', 'sukses', 'cek', 'reku', 'ltc', 'masuk', 'sama', 'sekali', 'padahal', 'alamat', 'wallet', 'jaring', 'salin', 'benar']"
mudah di gunakan sebagai pemula,4,mudah di gunakan sebagai pemula,"['mudah', 'di', 'gunakan', 'sebagai', 'pemula']","['mudah', 'gunakan', 'pemula']","['mudah', 'guna', 'mula']"
Ribet,1,ribet,['ribet'],['ribet'],['ribet']
"Mode Lite di bikin bisa limit order dong min, biar makin jossss",3,mode lite di bikin bisa limit order dong min biar makin jossss,"['mode', 'lite', 'di', 'bikin', 'bisa', 'limit', 'order', 'dong', 'min', 'biar', 'makin', 'jossss']","['mode', 'lite', 'bikin', 'limit', 'order', 'dong', 'min', 'biar', 'makin', 'jossss']","['mode', 'lite', 'bikin', 'limit', 'order', 'dong', 'min', 'biar', 'makin', 'jossss']"
Sayang tidak suport lightining. Yg saya maksut trima kripto dengan mode lightining,1,sayang tidak suport lightining yg saya maksut trima kripto dengan mode lightining,"['sayang', 'tidak', 'suport', 'lightining', 'yg', 'saya', 'maksut', 'trima', 'kripto', 'dengan', 'mode', 'lightining']","['sayang', 'suport', 'lightining', 'yg', 'maksut', 'trima', 'kripto', 'mode', 'lightining']","['sayang', 'suport', 'lightining', 'yg', 'maksut', 'trima', 'kripto', 'mode', 'lightining']"
"20240929 Belum ada preferensi saham AS syariah, tidak seperti Go Trade Indonesia",1,belum ada preferensi saham as syariah tidak seperti go trade indonesia,"['belum', 'ada', 'preferensi', 'saham', 'as', 'syariah', 'tidak', 'seperti', 'go', 'trade', 'indonesia']","['preferensi', 'saham', 'as', 'syariah', 'go', 'trade', 'indonesia']","['preferensi', 'saham', 'as', 'syariah', 'go', 'trade', 'indonesia']"
"Kirim koin kesini dari wallet malah lenyap gara"" gak masukin memo ID padahal alamat dah bener",1,kirim koin kesini dari wallet malah lenyap gara gak masukin memo id padahal alamat dah bener,"['kirim', 'koin', 'kesini', 'dari', 'wallet', 'malah', 'lenyap', 'gara', 'gak', 'masukin', 'memo', 'id', 'padahal', 'alamat', 'dah', 'bener']","['kirim', 'koin', 'kesini', 'wallet', 'malah', 'lenyap', 'gara', 'gak', 'masukin', 'memo', 'id', 'padahal', 'alamat', 'dah', 'bener']","['kirim', 'koin', 'kesini', 'wallet', 'malah', 'lenyap', 'gara', 'gak', 'masukin', 'memo', 'id', 'padahal', 'alamat', 'dah', 'bener']"
"pilihan aset makin banyak, fitur juga makin lengkap. top deh ğŸš€ ğŸŒ”",5,pilihan aset makin banyak fitur juga makin lengkap top deh ğŸš€ ğŸŒ”,"['pilihan', 'aset', 'makin', 'banyak', 'fitur', 'juga', 'makin', 'lengkap', 'top', 'deh', 'ğŸš€', 'ğŸŒ”']","['pilihan', 'aset', 'makin', 'banyak', 'fitur', 'makin', 'lengkap', 'top', 'deh', 'ğŸš€', 'ğŸŒ”']","['pilih', 'aset', 'makin', 'banyak', 'fitur', 'makin', 'lengkap', 'top', 'deh', '', '']"
menghibur dan bisa mendapatkan cuan,5,menghibur dan bisa mendapatkan cuan,"['menghibur', 'dan', 'bisa', 'mendapatkan', 'cuan']","['menghibur', 'mendapatkan', 'cuan']","['hibur', 'dapat', 'cuan']"
TOP UP E MALAH BANK SAMPOERNA,1,top up e malah bank sampoerna,"['top', 'up', 'e', 'malah', 'bank', 'sampoerna']","['top', 'up', 'e', 'malah', 'bank', 'sampoerna']","['top', 'up', 'e', 'malah', 'bank', 'sampoerna']"
"Tampilan UI yg simple dan ga ribet dan jangan lupa isilah b, a, r, o, k, a, h ini ketika awal daftar ya,, biar akunmu aktif ya, jadi mudah digunakan, bahkan untuk pemula sekali pun! Keamanan datanya juga oke, pilihan koinnya yg banyak serta biaya fee yg rendah, terus juga sama bonus-bonus dari event yg diadakin sama rekeningku! Ini appnya pokoknya bagus and recomend banget!! #KriptoAmanDiReku",3,tampilan ui yg simple dan ga ribet dan jangan lupa isilah b a r o k a h ini ketika awal daftar ya biar akunmu aktif ya jadi mudah digunakan bahkan untuk pemula sekali pun keamanan datanya juga oke pilihan koinnya yg banyak serta biaya fee yg rendah terus juga sama bonusbonus dari event yg diadakin sama rekeningku ini appnya pokoknya bagus and recomend banget kriptoamandireku,"['tampilan', 'ui', 'yg', 'simple', 'dan', 'ga', 'ribet', 'dan', 'jangan', 'lupa', 'isilah', 'b', 'a', 'r', 'o', 'k', 'a', 'h', 'ini', 'ketika', 'awal', 'daftar', 'ya', 'biar', 'akunmu', 'aktif', 'ya', 'jadi', 'mudah', 'digunakan', 'bahkan', 'untuk', 'pemula', 'sekali', 'pun', 'keamanan', 'datanya', 'juga', 'oke', 'pilihan', 'koinnya', 'yg', 'banyak', 'serta', 'biaya', 'fee', 'yg', 'rendah', 'terus', 'juga', 'sama', 'bonusbonus', 'dari', 'event', 'yg', 'diadakin', 'sama', 'rekeningku', 'ini', 'appnya', 'pokoknya', 'bagus', 'and', 'recomend', 'banget', 'kriptoamandireku']","['tampilan', 'ui', 'yg', 'simple', 'ga', 'ribet', 'jangan', 'lupa', 'isilah', 'b', 'a', 'r', 'o', 'k', 'a', 'h', 'awal', 'daftar', 'biar', 'akunmu', 'aktif', 'jadi', 'mudah', 'digunakan', 'bahkan', 'pemula', 'sekali', 'keamanan', 'datanya', 'oke', 'pilihan', 'koinnya', 'yg', 'banyak', 'biaya', 'fee', 'yg', 'rendah', 'terus', 'sama', 'bonusbonus', 'event', 'yg', 'diadakin', 'sama', 'rekeningku', 'appnya', 'pokoknya', 'bagus', 'and', 'recomend', 'banget', 'kriptoamandireku']","['tampil', 'ui', 'yg', 'simple', 'ga', 'ribet', 'jangan', 'lupa', 'isi', 'b', 'a', 'r', 'o', 'k', 'a', 'h', 'awal', 'daftar', 'biar', 'akun', 'aktif', 'jadi', 'mudah', 'guna', 'bahkan', 'mula', 'sekali', 'aman', 'data', 'oke', 'pilih', 'koin', 'yg', 'banyak', 'biaya', 'fee', 'yg', 'rendah', 'terus', 'sama', 'bonusbonus', 'event', 'yg', 'diadakin', 'sama', 'rekening', 'appnya', 'pokok', 'bagus', 'and', 'recomend', 'banget', 'kriptoamandireku']"
Fee trading mahal...,1,fee trading mahal,"['fee', 'trading', 'mahal']","['fee', 'trading', 'mahal']","['fee', 'trading', 'mahal']"
baik,5,baik,['baik'],['baik'],['baik']
bagus,5,bagus,['bagus'],['bagus'],['bagus']
Sayangnya gak bisa pake keamanan google autentikasi,5,sayangnya gak bisa pake keamanan google autentikasi,"['sayangnya', 'gak', 'bisa', 'pake', 'keamanan', 'google', 'autentikasi']","['sayangnya', 'gak', 'pake', 'keamanan', 'google', 'autentikasi']","['sayang', 'gak', 'pake', 'aman', 'google', 'autentikasi']"
OK,5,ok,['ok'],[],[]
giliran koin micin udah harga tinggi baru di tambahin ke list market. Kocak,1,giliran koin micin udah harga tinggi baru di tambahin ke list market kocak,"['giliran', 'koin', 'micin', 'udah', 'harga', 'tinggi', 'baru', 'di', 'tambahin', 'ke', 'list', 'market', 'kocak']","['giliran', 'koin', 'micin', 'udah', 'harga', 'tinggi', 'baru', 'tambahin', 'list', 'market', 'kocak']","['gilir', 'koin', 'micin', 'udah', 'harga', 'tinggi', 'baru', 'tambahin', 'list', 'market', 'kocak']"
Well,4,well,['well'],['well'],['well']
good,5,good,['good'],['good'],['good']
"JANGAN PAKE REKU,BANYAK NIPU NYA",1,jangan pake rekubanyak nipu nya,"['jangan', 'pake', 'rekubanyak', 'nipu', 'nya']","['jangan', 'pake', 'rekubanyak', 'nipu', 'nya']","['jangan', 'pake', 'rekubanyak', 'nipu', 'nya']"
aplikasi sangat membantu ğŸ‘Œ,5,aplikasi sangat membantu ğŸ‘Œ,"['aplikasi', 'sangat', 'membantu', 'ğŸ‘Œ']","['aplikasi', 'sangat', 'membantu', 'ğŸ‘Œ']","['aplikasi', 'sangat', 'bantu', '']"
"Udah UPDATE JADI LEMOOOT, KAYA KEONG,KURAÂ²,LOADING, PENTIUM 1,",1,udah update jadi lemooot kaya keongkuraÂ²loading pentium,"['udah', 'update', 'jadi', 'lemooot', 'kaya', 'keongkuraÂ²loading', 'pentium']","['udah', 'update', 'jadi', 'lemooot', 'kaya', 'keongkuraÂ²loading', 'pentium']","['udah', 'update', 'jadi', 'lemooot', 'kaya', 'keongkura loading', 'pentium']"
aplikasi yg sangat bagus untuk menyimpan crypto,5,aplikasi yg sangat bagus untuk menyimpan crypto,"['aplikasi', 'yg', 'sangat', 'bagus', 'untuk', 'menyimpan', 'crypto']","['aplikasi', 'yg', 'sangat', 'bagus', 'menyimpan', 'crypto']","['aplikasi', 'yg', 'sangat', 'bagus', 'simpan', 'crypto']"
Cukup memuaskan ğŸ‘,5,cukup memuaskan ğŸ‘,"['cukup', 'memuaskan', 'ğŸ‘']","['cukup', 'memuaskan', 'ğŸ‘']","['cukup', 'muas', '']"
ok,5,ok,['ok'],[],[]
So far..so good.ThanksğŸ™,5,so farso goodthanksğŸ™,"['so', 'farso', 'goodthanksğŸ™']","['so', 'farso', 'goodthanksğŸ™']","['so', 'farso', 'goodthanks']"
belum dapet keuntungan sih dari apk iniğŸ˜­,2,belum dapet keuntungan sih dari apk iniğŸ˜­,"['belum', 'dapet', 'keuntungan', 'sih', 'dari', 'apk', 'iniğŸ˜­']","['dapet', 'keuntungan', 'sih', 'apk', 'iniğŸ˜­']","['dapet', 'untung', 'sih', 'apk', 'ini']"
Saya sebagai pengguna aktif reku sangat senang dengan aplikasi ini terutama dari fee yang tidak terlalu mahal dan minimal depo yang cukup terjangkau sangat membantu saya sebagai pemula yang coba2. Kalau bisa tambahkan investasi Emas,5,saya sebagai pengguna aktif reku sangat senang dengan aplikasi ini terutama dari fee yang tidak terlalu mahal dan minimal depo yang cukup terjangkau sangat membantu saya sebagai pemula yang coba kalau bisa tambahkan investasi emas,"['saya', 'sebagai', 'pengguna', 'aktif', 'reku', 'sangat', 'senang', 'dengan', 'aplikasi', 'ini', 'terutama', 'dari', 'fee', 'yang', 'tidak', 'terlalu', 'mahal', 'dan', 'minimal', 'depo', 'yang', 'cukup', 'terjangkau', 'sangat', 'membantu', 'saya', 'sebagai', 'pemula', 'yang', 'coba', 'kalau', 'bisa', 'tambahkan', 'investasi', 'emas']","['pengguna', 'aktif', 'reku', 'sangat', 'senang', 'aplikasi', 'terutama', 'fee', 'terlalu', 'mahal', 'minimal', 'depo', 'cukup', 'terjangkau', 'sangat', 'membantu', 'pemula', 'coba', 'kalau', 'tambahkan', 'investasi', 'emas']","['guna', 'aktif', 'reku', 'sangat', 'senang', 'aplikasi', 'utama', 'fee', 'terlalu', 'mahal', 'minimal', 'depo', 'cukup', 'jangkau', 'sangat', 'bantu', 'mula', 'coba', 'kalau', 'tambah', 'investasi', 'emas']"
"Wahhh menyala reku. Akhirnya penantian yg lama ditungguÂ² ini inovasi yg luar biasa, apalagi bagi pemula yg berkeinginan utk belajar mengasah skill dalam investment. Makasih ya buat CEO -Co Founder dan tim support sukses selalu. Harapan kedepannya ya semoga ada project seperti mainnet dari reku nya, kayak yg lainnya gitu heheheee",5,wahhh menyala reku akhirnya penantian yg lama ditungguÂ² ini inovasi yg luar biasa apalagi bagi pemula yg berkeinginan utk belajar mengasah skill dalam investment makasih ya buat ceo co founder dan tim support sukses selalu harapan kedepannya ya semoga ada project seperti mainnet dari reku nya kayak yg lainnya gitu heheheee,"['wahhh', 'menyala', 'reku', 'akhirnya', 'penantian', 'yg', 'lama', 'ditungguÂ²', 'ini', 'inovasi', 'yg', 'luar', 'biasa', 'apalagi', 'bagi', 'pemula', 'yg', 'berkeinginan', 'utk', 'belajar', 'mengasah', 'skill', 'dalam', 'investment', 'makasih', 'ya', 'buat', 'ceo', 'co', 'founder', 'dan', 'tim', 'support', 'sukses', 'selalu', 'harapan', 'kedepannya', 'ya', 'semoga', 'ada', 'project', 'seperti', 'mainnet', 'dari', 'reku', 'nya', 'kayak', 'yg', 'lainnya', 'gitu', 'heheheee']","['wahhh', 'menyala', 'reku', 'akhirnya', 'penantian', 'yg', 'lama', 'ditungguÂ²', 'inovasi', 'yg', 'luar', 'biasa', 'pemula', 'yg', 'berkeinginan', 'utk', 'belajar', 'mengasah', 'skill', 'investment', 'makasih', 'buat', 'ceo', 'co', 'founder', 'tim', 'support', 'sukses', 'selalu', 'harapan', 'kedepannya', 'semoga', 'project', 'mainnet', 'reku', 'nya', 'kayak', 'yg', 'lainnya', 'gitu', 'heheheee']","['wahhh', 'nyala', 'reku', 'akhir', 'nanti', 'yg', 'lama', 'tunggu', 'inovasi', 'yg', 'luar', 'biasa', 'mula', 'yg', 'ingin', 'utk', 'ajar', 'asah', 'skill', 'investment', 'makasih', 'buat', 'ceo', 'co', 'founder', 'tim', 'support', 'sukses', 'selalu', 'harap', 'depan', 'moga', 'project', 'mainnet', 'reku', 'nya', 'kayak', 'yg', 'lain', 'gitu', 'heheheee']"
Seharusnya saya tidak memilih apk ini saya sungguh kecewa,1,seharusnya saya tidak memilih apk ini saya sungguh kecewa,"['seharusnya', 'saya', 'tidak', 'memilih', 'apk', 'ini', 'saya', 'sungguh', 'kecewa']","['memilih', 'apk', 'sungguh', 'kecewa']","['pilih', 'apk', 'sungguh', 'kecewa']"
"lumayan dikit"" belajar nabung crypto, yg blm punya ref nih @restusukmara terimakasih",5,lumayan dikit belajar nabung crypto yg blm punya ref nih restusukmara terimakasih,"['lumayan', 'dikit', 'belajar', 'nabung', 'crypto', 'yg', 'blm', 'punya', 'ref', 'nih', 'restusukmara', 'terimakasih']","['lumayan', 'dikit', 'belajar', 'nabung', 'crypto', 'yg', 'blm', 'punya', 'ref', 'nih', 'restusukmara', 'terimakasih']","['lumayan', 'dikit', 'ajar', 'nabung', 'crypto', 'yg', 'blm', 'punya', 'ref', 'nih', 'restusukmara', 'terimakasih']"
2 di dalam aplikasinya ada kendala pas mau minta bantuan sama admin tidak bisa chat admin tertutup,3,di dalam aplikasinya ada kendala pas mau minta bantuan sama admin tidak bisa chat admin tertutup,"['di', 'dalam', 'aplikasinya', 'ada', 'kendala', 'pas', 'mau', 'minta', 'bantuan', 'sama', 'admin', 'tidak', 'bisa', 'chat', 'admin', 'tertutup']","['aplikasinya', 'kendala', 'pas', 'mau', 'minta', 'bantuan', 'sama', 'admin', 'chat', 'admin', 'tertutup']","['aplikasi', 'kendala', 'pas', 'mau', 'minta', 'bantu', 'sama', 'admin', 'chat', 'admin', 'tutup']"
sangat bagus,5,sangat bagus,"['sangat', 'bagus']","['sangat', 'bagus']","['sangat', 'bagus']"
Reku tolong update supaya bisa Terima dogs coin,5,reku tolong update supaya bisa terima dogs coin,"['reku', 'tolong', 'update', 'supaya', 'bisa', 'terima', 'dogs', 'coin']","['reku', 'update', 'terima', 'dogs', 'coin']","['reku', 'update', 'terima', 'dogs', 'coin']"
Ini kek app sebelah gak yah ? Banyak potongan tersembunyi?,4,ini kek app sebelah gak yah  banyak potongan tersembunyi,"['ini', 'kek', 'app', 'sebelah', 'gak', 'yah', 'banyak', 'potongan', 'tersembunyi']","['kek', 'app', 'sebelah', 'gak', 'yah', 'banyak', 'potongan', 'tersembunyi']","['kek', 'app', 'belah', 'gak', 'yah', 'banyak', 'potong', 'sembunyi']"
"invest...aman... penarikan dan depo,...lancar .tidak kena hack,...untuk saat ini... sukses slalu Reku...ğŸ‘ğŸ‘ğŸ‘",5,investaman penarikan dan depolancar tidak kena hackuntuk saat ini sukses slalu rekuğŸ‘ğŸ‘ğŸ‘,"['investaman', 'penarikan', 'dan', 'depolancar', 'tidak', 'kena', 'hackuntuk', 'saat', 'ini', 'sukses', 'slalu', 'rekuğŸ‘ğŸ‘ğŸ‘']","['investaman', 'penarikan', 'depolancar', 'kena', 'hackuntuk', 'sukses', 'slalu', 'rekuğŸ‘ğŸ‘ğŸ‘']","['investaman', 'tari', 'depolancar', 'kena', 'hackuntuk', 'sukses', 'slalu', 'reku']"
"Karena kadang suka gak bisa login/nge blank, maaf dikuranginğŸ™ğŸ™ğŸ™ @hildan14",3,karena kadang suka gak bisa loginnge blank maaf dikuranginğŸ™ğŸ™ğŸ™ hildan,"['karena', 'kadang', 'suka', 'gak', 'bisa', 'loginnge', 'blank', 'maaf', 'dikuranginğŸ™ğŸ™ğŸ™', 'hildan']","['kadang', 'suka', 'gak', 'loginnge', 'blank', 'maaf', 'dikuranginğŸ™ğŸ™ğŸ™', 'hildan']","['kadang', 'suka', 'gak', 'loginnge', 'blank', 'maaf', 'rangin', 'hildan']"
ini baru mantap ğŸ‘,5,ini baru mantap ğŸ‘,"['ini', 'baru', 'mantap', 'ğŸ‘']","['baru', 'mantap', 'ğŸ‘']","['baru', 'mantap', '']"
muhammad rizki nurfaroz,5,muhammad rizki nurfaroz,"['muhammad', 'rizki', 'nurfaroz']","['muhammad', 'rizki', 'nurfaroz']","['muhammad', 'rizki', 'nurfaroz']"
Min. di menu favorit shortby nya belum ada.,5,min di menu favorit shortby nya belum ada,"['min', 'di', 'menu', 'favorit', 'shortby', 'nya', 'belum', 'ada']","['min', 'menu', 'favorit', 'shortby', 'nya']","['min', 'menu', 'favorit', 'shortby', 'nya']"
"Bagus,ui sederhana mudah dipahami oleh pemula.....saran mohon tambahkan fitur switch antar token cripto jd tidak perlu jual ke idr dulu",4,bagusui sederhana mudah dipahami oleh pemulasaran mohon tambahkan fitur switch antar token cripto jd tidak perlu jual ke idr dulu,"['bagusui', 'sederhana', 'mudah', 'dipahami', 'oleh', 'pemulasaran', 'mohon', 'tambahkan', 'fitur', 'switch', 'antar', 'token', 'cripto', 'jd', 'tidak', 'perlu', 'jual', 'ke', 'idr', 'dulu']","['bagusui', 'sederhana', 'mudah', 'dipahami', 'pemulasaran', 'mohon', 'tambahkan', 'fitur', 'switch', 'antar', 'token', 'cripto', 'jd', 'perlu', 'jual', 'idr', 'dulu']","['bagusui', 'sederhana', 'mudah', 'paham', 'pemulasaran', 'mohon', 'tambah', 'fitur', 'switch', 'antar', 'token', 'cripto', 'jd', 'perlu', 'jual', 'idr', 'dulu']"
"Dari awal bikin akun mpe saat ini(selama postingan ga dihapus )..Saya gak pernah kasi ijin/kuasa ke siapa pun ,Akun ini dibuat ya buat saya sendiri",3,dari awal bikin akun mpe saat iniselama postingan ga dihapus saya gak pernah kasi ijinkuasa ke siapa pun akun ini dibuat ya buat saya sendiri,"['dari', 'awal', 'bikin', 'akun', 'mpe', 'saat', 'iniselama', 'postingan', 'ga', 'dihapus', 'saya', 'gak', 'pernah', 'kasi', 'ijinkuasa', 'ke', 'siapa', 'pun', 'akun', 'ini', 'dibuat', 'ya', 'buat', 'saya', 'sendiri']","['awal', 'bikin', 'akun', 'mpe', 'iniselama', 'postingan', 'ga', 'dihapus', 'gak', 'pernah', 'kasi', 'ijinkuasa', 'siapa', 'akun', 'dibuat', 'buat', 'sendiri']","['awal', 'bikin', 'akun', 'mpe', 'iniselama', 'postingan', 'ga', 'hapus', 'gak', 'pernah', 'kasi', 'ijinkuasa', 'siapa', 'akun', 'buat', 'buat', 'sendiri']"
Gokil next tambahin Reksadana dan emas min,5,gokil next tambahin reksadana dan emas min,"['gokil', 'next', 'tambahin', 'reksadana', 'dan', 'emas', 'min']","['gokil', 'next', 'tambahin', 'reksadana', 'emas', 'min']","['gokil', 'next', 'tambahin', 'reksadana', 'emas', 'min']"
"sudah mantap, dan tolong jangan terlalu banyak mengambil keuntungan dalam fee jual beli pengguna Reku",5,sudah mantap dan tolong jangan terlalu banyak mengambil keuntungan dalam fee jual beli pengguna reku,"['sudah', 'mantap', 'dan', 'tolong', 'jangan', 'terlalu', 'banyak', 'mengambil', 'keuntungan', 'dalam', 'fee', 'jual', 'beli', 'pengguna', 'reku']","['mantap', 'jangan', 'terlalu', 'banyak', 'mengambil', 'keuntungan', 'fee', 'jual', 'beli', 'pengguna', 'reku']","['mantap', 'jangan', 'terlalu', 'banyak', 'ambil', 'untung', 'fee', 'jual', 'beli', 'guna', 'reku']"
Sangat membantu bagi yang menggunakan,5,sangat membantu bagi yang menggunakan,"['sangat', 'membantu', 'bagi', 'yang', 'menggunakan']","['sangat', 'membantu', 'menggunakan']","['sangat', 'bantu', 'guna']"
baik,5,baik,['baik'],['baik'],['baik']
"Overall appnya bagus ya Smua lancar Cs jg cpt responnya,feenya standart sesuai dgn app yg mudah dimengerti pemula, Sayangnya tampilan setelah update jadi kurang bagus sebelum ad update Saham As tampilan wallet kita keren bgt dan setelah update jadi kaku bgt tampilannya ga smooth spt dulu. Tapi tampilannya msh lebih baik dibanding apk lain. Saran saya kembalikan sj model ke tampilan lama lebih unik utk reku.",5,overall appnya bagus ya smua lancar cs jg cpt responnyafeenya standart sesuai dgn app yg mudah dimengerti pemula sayangnya tampilan setelah update jadi kurang bagus sebelum ad update saham as tampilan wallet kita keren bgt dan setelah update jadi kaku bgt tampilannya ga smooth spt dulu tapi tampilannya msh lebih baik dibanding apk lain saran saya kembalikan sj model ke tampilan lama lebih unik utk reku,"['overall', 'appnya', 'bagus', 'ya', 'smua', 'lancar', 'cs', 'jg', 'cpt', 'responnyafeenya', 'standart', 'sesuai', 'dgn', 'app', 'yg', 'mudah', 'dimengerti', 'pemula', 'sayangnya', 'tampilan', 'setelah', 'update', 'jadi', 'kurang', 'bagus', 'sebelum', 'ad', 'update', 'saham', 'as', 'tampilan', 'wallet', 'kita', 'keren', 'bgt', 'dan', 'setelah', 'update', 'jadi', 'kaku', 'bgt', 'tampilannya', 'ga', 'smooth', 'spt', 'dulu', 'tapi', 'tampilannya', 'msh', 'lebih', 'baik', 'dibanding', 'apk', 'lain', 'saran', 'saya', 'kembalikan', 'sj', 'model', 'ke', 'tampilan', 'lama', 'lebih', 'unik', 'utk', 'reku']","['overall', 'appnya', 'bagus', 'smua', 'lancar', 'cs', 'jg', 'cpt', 'responnyafeenya', 'standart', 'sesuai', 'dgn', 'app', 'yg', 'mudah', 'dimengerti', 'pemula', 'sayangnya', 'tampilan', 'update', 'jadi', 'kurang', 'bagus', 'ad', 'update', 'saham', 'as', 'tampilan', 'wallet', 'keren', 'bgt', 'update', 'jadi', 'kaku', 'bgt', 'tampilannya', 'ga', 'smooth', 'spt', 'dulu', 'tampilannya', 'msh', 'lebih', 'baik', 'dibanding', 'apk', 'saran', 'kembalikan', 'sj', 'model', 'tampilan', 'lama', 'lebih', 'unik', 'utk', 'reku']","['overall', 'appnya', 'bagus', 'smua', 'lancar', 'cs', 'jg', 'cpt', 'responnyafeenya', 'standart', 'sesuai', 'dgn', 'app', 'yg', 'mudah', 'erti', 'mula', 'sayang', 'tampil', 'update', 'jadi', 'kurang', 'bagus', 'ad', 'update', 'saham', 'as', 'tampil', 'wallet', 'keren', 'bgt', 'update', 'jadi', 'kaku', 'bgt', 'tampil', 'ga', 'smooth', 'spt', 'dulu', 'tampil', 'msh', 'lebih', 'baik', 'banding', 'apk', 'saran', 'kembali', 'sj', 'model', 'tampil', 'lama', 'lebih', 'unik', 'utk', 'reku']"
Aplikasi yang sangat bagus. Mudah dan adminya fas respon,5,aplikasi yang sangat bagus mudah dan adminya fas respon,"['aplikasi', 'yang', 'sangat', 'bagus', 'mudah', 'dan', 'adminya', 'fas', 'respon']","['aplikasi', 'sangat', 'bagus', 'mudah', 'adminya', 'fas', 'respon']","['aplikasi', 'sangat', 'bagus', 'mudah', 'adminya', 'fas', 'respon']"
Jaringan ton knpa tidak bisa digunakan Sya sudah bli mau kitim tidak bisa,3,jaringan ton knpa tidak bisa digunakan sya sudah bli mau kitim tidak bisa,"['jaringan', 'ton', 'knpa', 'tidak', 'bisa', 'digunakan', 'sya', 'sudah', 'bli', 'mau', 'kitim', 'tidak', 'bisa']","['jaringan', 'ton', 'knpa', 'digunakan', 'sya', 'bli', 'mau', 'kitim']","['jaring', 'ton', 'knpa', 'guna', 'sya', 'bli', 'mau', 'kitim']"
ribet amat mau ganti nomor aja,1,ribet amat mau ganti nomor aja,"['ribet', 'amat', 'mau', 'ganti', 'nomor', 'aja']","['ribet', 'mau', 'ganti', 'nomor', 'aja']","['ribet', 'mau', 'ganti', 'nomor', 'aja']"
bagus,5,bagus,['bagus'],['bagus'],['bagus']
Aplikasi platform untuk kripto terbaik dan keren serta Fungsional ğŸ˜ŠğŸ‘ğŸ‘ğŸ‘,5,aplikasi platform untuk kripto terbaik dan keren serta fungsional ğŸ˜ŠğŸ‘ğŸ‘ğŸ‘,"['aplikasi', 'platform', 'untuk', 'kripto', 'terbaik', 'dan', 'keren', 'serta', 'fungsional', 'ğŸ˜ŠğŸ‘ğŸ‘ğŸ‘']","['aplikasi', 'platform', 'kripto', 'terbaik', 'keren', 'fungsional', 'ğŸ˜ŠğŸ‘ğŸ‘ğŸ‘']","['aplikasi', 'platform', 'kripto', 'baik', 'keren', 'fungsional', '']"
"Aplikasi nya mantap, mudah ,dan jelas aman. Semoga terus berkembang lagiğŸ˜",5,aplikasi nya mantap mudah dan jelas aman semoga terus berkembang lagiğŸ˜,"['aplikasi', 'nya', 'mantap', 'mudah', 'dan', 'jelas', 'aman', 'semoga', 'terus', 'berkembang', 'lagiğŸ˜']","['aplikasi', 'nya', 'mantap', 'mudah', 'jelas', 'aman', 'semoga', 'terus', 'berkembang', 'lagiğŸ˜']","['aplikasi', 'nya', 'mantap', 'mudah', 'jelas', 'aman', 'moga', 'terus', 'kembang', 'lagi']"
REKU JAYAAğŸ”¥,5,reku jayaağŸ”¥,"['reku', 'jayaağŸ”¥']","['reku', 'jayaağŸ”¥']","['reku', 'jayaa']"
Bravo Reku.. Semoga lebih banyak fitur menarik dan ramah di koneksi..,5,bravo reku semoga lebih banyak fitur menarik dan ramah di koneksi,"['bravo', 'reku', 'semoga', 'lebih', 'banyak', 'fitur', 'menarik', 'dan', 'ramah', 'di', 'koneksi']","['bravo', 'reku', 'semoga', 'lebih', 'banyak', 'fitur', 'menarik', 'ramah', 'koneksi']","['bravo', 'reku', 'moga', 'lebih', 'banyak', 'fitur', 'tarik', 'ramah', 'koneksi']"
"kalo emang cm bs 2 alamat wallet, alamat lain gausah dimasukin alasanya cm mendukung trc sm erc tapi alamat wallet dimasukin dikoin, emang mau menjebak orang biar salah, saran gw gausah pake app ini mending binance atau aplikasi lain yg waras, bukti transaksi semua ada gw tapi cs bilang duitnya ilang karna alamat walletny yg kekoin langsung gabisa cm erc sama trc, fee juga ga ngotak gede intinya bermasalah",1,kalo emang cm bs  alamat wallet alamat lain gausah dimasukin alasanya cm mendukung trc sm erc tapi alamat wallet dimasukin dikoin emang mau menjebak orang biar salah saran gw gausah pake app ini mending binance atau aplikasi lain yg waras bukti transaksi semua ada gw tapi cs bilang duitnya ilang karna alamat walletny yg kekoin langsung gabisa cm erc sama trc fee juga ga ngotak gede intinya bermasalah,"['kalo', 'emang', 'cm', 'bs', 'alamat', 'wallet', 'alamat', 'lain', 'gausah', 'dimasukin', 'alasanya', 'cm', 'mendukung', 'trc', 'sm', 'erc', 'tapi', 'alamat', 'wallet', 'dimasukin', 'dikoin', 'emang', 'mau', 'menjebak', 'orang', 'biar', 'salah', 'saran', 'gw', 'gausah', 'pake', 'app', 'ini', 'mending', 'binance', 'atau', 'aplikasi', 'lain', 'yg', 'waras', 'bukti', 'transaksi', 'semua', 'ada', 'gw', 'tapi', 'cs', 'bilang', 'duitnya', 'ilang', 'karna', 'alamat', 'walletny', 'yg', 'kekoin', 'langsung', 'gabisa', 'cm', 'erc', 'sama', 'trc', 'fee', 'juga', 'ga', 'ngotak', 'gede', 'intinya', 'bermasalah']","['kalo', 'emang', 'cm', 'bs', 'alamat', 'wallet', 'alamat', 'gausah', 'dimasukin', 'alasanya', 'cm', 'mendukung', 'trc', 'sm', 'erc', 'alamat', 'wallet', 'dimasukin', 'dikoin', 'emang', 'mau', 'menjebak', 'orang', 'biar', 'salah', 'saran', 'gw', 'gausah', 'pake', 'app', 'mending', 'binance', 'aplikasi', 'yg', 'waras', 'bukti', 'transaksi', 'semua', 'gw', 'cs', 'bilang', 'duitnya', 'ilang', 'karna', 'alamat', 'walletny', 'yg', 'kekoin', 'langsung', 'gabisa', 'cm', 'erc', 'sama', 'trc', 'fee', 'ga', 'ngotak', 'gede', 'intinya', 'bermasalah']","['kalo', 'emang', 'cm', 'bs', 'alamat', 'wallet', 'alamat', 'gausah', 'dimasukin', 'alasanya', 'cm', 'dukung', 'trc', 'sm', 'erc', 'alamat', 'wallet', 'dimasukin', 'koin', 'emang', 'mau', 'jebak', 'orang', 'biar', 'salah', 'saran', 'gw', 'gausah', 'pake', 'app', 'mending', 'binance', 'aplikasi', 'yg', 'waras', 'bukti', 'transaksi', 'semua', 'gw', 'cs', 'bilang', 'duit', 'ilang', 'karna', 'alamat', 'walletny', 'yg', 'koin', 'langsung', 'gabisa', 'cm', 'erc', 'sama', 'trc', 'fee', 'ga', 'ngotak', 'gede', 'inti', 'masalah']"
Suka,5,suka,['suka'],['suka'],['suka']
baik,5,baik,['baik'],['baik'],['baik']
Kenapa jadi jelek? Masa pasang alarm nya bisa2nya ga bunyi tp ada berita masuk dia bisa bunyi ckck,2,kenapa jadi jelek masa pasang alarm nya bisanya ga bunyi tp ada berita masuk dia bisa bunyi ckck,"['kenapa', 'jadi', 'jelek', 'masa', 'pasang', 'alarm', 'nya', 'bisanya', 'ga', 'bunyi', 'tp', 'ada', 'berita', 'masuk', 'dia', 'bisa', 'bunyi', 'ckck']","['jadi', 'jelek', 'masa', 'pasang', 'alarm', 'nya', 'bisanya', 'ga', 'bunyi', 'tp', 'berita', 'masuk', 'bunyi', 'ckck']","['jadi', 'jelek', 'masa', 'pasang', 'alarm', 'nya', 'bisa', 'ga', 'bunyi', 'tp', 'berita', 'masuk', 'bunyi', 'ckck']"
mantap...,5,mantap,['mantap'],['mantap'],['mantap']
Live chat nya g kebuka parah enak yg dulu pass respon sekarang agak sulit,3,live chat nya g kebuka parah enak yg dulu pass respon sekarang agak sulit,"['live', 'chat', 'nya', 'g', 'kebuka', 'parah', 'enak', 'yg', 'dulu', 'pass', 'respon', 'sekarang', 'agak', 'sulit']","['live', 'chat', 'nya', 'g', 'kebuka', 'parah', 'enak', 'yg', 'dulu', 'pass', 'respon', 'sekarang', 'sulit']","['live', 'chat', 'nya', 'g', 'buka', 'parah', 'enak', 'yg', 'dulu', 'pass', 'respon', 'sekarang', 'sulit']"
good,5,good,['good'],['good'],['good']
bagus,5,bagus,['bagus'],['bagus'],['bagus']
cukup baik semoga bisa menaikan per ekonomian bagi pengguna,5,cukup baik semoga bisa menaikan per ekonomian bagi pengguna,"['cukup', 'baik', 'semoga', 'bisa', 'menaikan', 'per', 'ekonomian', 'bagi', 'pengguna']","['cukup', 'baik', 'semoga', 'menaikan', 'per', 'ekonomian', 'pengguna']","['cukup', 'baik', 'moga', 'naik', 'per', 'ekonomi', 'guna']"
keren,5,keren,['keren'],['keren'],['keren']
good,5,good,['good'],['good'],['good']
Sangat bagus,5,sangat bagus,"['sangat', 'bagus']","['sangat', 'bagus']","['sangat', 'bagus']"
good aplikasi crypto,5,good aplikasi crypto,"['good', 'aplikasi', 'crypto']","['good', 'aplikasi', 'crypto']","['good', 'aplikasi', 'crypto']"
"Apk ya bagus jual beli pun tanpa harus menunggu dlu,, tetap pertahan kan apk ya salam sukses âœ¨âœ¨",5,apk ya bagus jual beli pun tanpa harus menunggu dlu tetap pertahan kan apk ya salam sukses âœ¨âœ¨,"['apk', 'ya', 'bagus', 'jual', 'beli', 'pun', 'tanpa', 'harus', 'menunggu', 'dlu', 'tetap', 'pertahan', 'kan', 'apk', 'ya', 'salam', 'sukses', 'âœ¨âœ¨']","['apk', 'bagus', 'jual', 'beli', 'menunggu', 'dlu', 'tetap', 'pertahan', 'kan', 'apk', 'salam', 'sukses', 'âœ¨âœ¨']","['apk', 'bagus', 'jual', 'beli', 'tunggu', 'dlu', 'tetap', 'tahan', 'kan', 'apk', 'salam', 'sukses', '']"
ok,5,ok,['ok'],[],[]
ok mantap,5,ok mantap,"['ok', 'mantap']",['mantap'],['mantap']
aplikasi yg bagus.transaksi cepat dan mudah,5,aplikasi yg bagustransaksi cepat dan mudah,"['aplikasi', 'yg', 'bagustransaksi', 'cepat', 'dan', 'mudah']","['aplikasi', 'yg', 'bagustransaksi', 'cepat', 'mudah']","['aplikasi', 'yg', 'bagustransaksi', 'cepat', 'mudah']"
"bagus,simpel,,,,,cuman lemot di banding app lain sejenis ini.",4,bagussimpelcuman lemot di banding app lain sejenis ini,"['bagussimpelcuman', 'lemot', 'di', 'banding', 'app', 'lain', 'sejenis', 'ini']","['bagussimpelcuman', 'lemot', 'banding', 'app', 'sejenis']","['bagussimpelcuman', 'lot', 'banding', 'app', 'jenis']"
"Aplikasinya Mantap, segala fiturnya gampang dipelajarin, biayanya kecil dan kerennya lagi beroperasi 24 jam. The best lah pokone",5,aplikasinya mantap segala fiturnya gampang dipelajarin biayanya kecil dan kerennya lagi beroperasi  jam the best lah pokone,"['aplikasinya', 'mantap', 'segala', 'fiturnya', 'gampang', 'dipelajarin', 'biayanya', 'kecil', 'dan', 'kerennya', 'lagi', 'beroperasi', 'jam', 'the', 'best', 'lah', 'pokone']","['aplikasinya', 'mantap', 'segala', 'fiturnya', 'gampang', 'dipelajarin', 'biayanya', 'kecil', 'kerennya', 'beroperasi', 'jam', 'the', 'best', 'lah', 'pokone']","['aplikasi', 'mantap', 'segala', 'fiturnya', 'gampang', 'dipelajarin', 'biaya', 'kecil', 'keren', 'operasi', 'jam', 'the', 'best', 'lah', 'pokone']"
"Aplikasi yang bikin trading kripto jadi gampang banget. Tampilan yang user-friendly dan fitur keren bikin transaksi lancar. Keamanan terjamin dengan autentikasi dua faktor. Saran aja si buat listing aset yang bagus lagi dan tambahin jaringannya agar di dukung di suatu aset. Tapi overall, ini pilihan oke buat yang pengen trading kripto dengan aman dan gampang.",5,aplikasi yang bikin trading kripto jadi gampang banget tampilan yang userfriendly dan fitur keren bikin transaksi lancar keamanan terjamin dengan autentikasi dua faktor saran aja si buat listing aset yang bagus lagi dan tambahin jaringannya agar di dukung di suatu aset tapi overall ini pilihan oke buat yang pengen trading kripto dengan aman dan gampang,"['aplikasi', 'yang', 'bikin', 'trading', 'kripto', 'jadi', 'gampang', 'banget', 'tampilan', 'yang', 'userfriendly', 'dan', 'fitur', 'keren', 'bikin', 'transaksi', 'lancar', 'keamanan', 'terjamin', 'dengan', 'autentikasi', 'dua', 'faktor', 'saran', 'aja', 'si', 'buat', 'listing', 'aset', 'yang', 'bagus', 'lagi', 'dan', 'tambahin', 'jaringannya', 'agar', 'di', 'dukung', 'di', 'suatu', 'aset', 'tapi', 'overall', 'ini', 'pilihan', 'oke', 'buat', 'yang', 'pengen', 'trading', 'kripto', 'dengan', 'aman', 'dan', 'gampang']","['aplikasi', 'bikin', 'trading', 'kripto', 'jadi', 'gampang', 'banget', 'tampilan', 'userfriendly', 'fitur', 'keren', 'bikin', 'transaksi', 'lancar', 'keamanan', 'terjamin', 'autentikasi', 'faktor', 'saran', 'aja', 'si', 'buat', 'listing', 'aset', 'bagus', 'tambahin', 'jaringannya', 'dukung', 'suatu', 'aset', 'overall', 'pilihan', 'oke', 'buat', 'pengen', 'trading', 'kripto', 'aman', 'gampang']","['aplikasi', 'bikin', 'trading', 'kripto', 'jadi', 'gampang', 'banget', 'tampil', 'userfriendly', 'fitur', 'keren', 'bikin', 'transaksi', 'lancar', 'aman', 'jamin', 'autentikasi', 'faktor', 'saran', 'aja', 'si', 'buat', 'listing', 'aset', 'bagus', 'tambahin', 'jaring', 'dukung', 'suatu', 'aset', 'overall', 'pilih', 'oke', 'buat', 'ken', 'trading', 'kripto', 'aman', 'gampang']"
Aplikasi nya sangat mudah digunakan dan simple ğŸ‘,5,aplikasi nya sangat mudah digunakan dan simple ğŸ‘,"['aplikasi', 'nya', 'sangat', 'mudah', 'digunakan', 'dan', 'simple', 'ğŸ‘']","['aplikasi', 'nya', 'sangat', 'mudah', 'digunakan', 'simple', 'ğŸ‘']","['aplikasi', 'nya', 'sangat', 'mudah', 'guna', 'simple', '']"
"Makin hari makin bagus, dan isilah ni koe'de undanggg ğŸ™barokahğŸ™untuk mempermudah akun kalian bisa aktif, dan kalian sudah bisa puas mengakses keseluruhan di dalam aplikasi ini, jadi makin hari makin bagus untuk aplikassi ini,, dan sangat memuaskan sekali.. Jadi gak sia-sia aja saat menggunakan aplikasi iniğŸ‘",4,makin hari makin bagus dan isilah ni koede undanggg ğŸ™barokahğŸ™untuk mempermudah akun kalian bisa aktif dan kalian sudah bisa puas mengakses keseluruhan di dalam aplikasi ini jadi makin hari makin bagus untuk aplikassi ini dan sangat memuaskan sekali jadi gak siasia aja saat menggunakan aplikasi iniğŸ‘,"['makin', 'hari', 'makin', 'bagus', 'dan', 'isilah', 'ni', 'koede', 'undanggg', 'ğŸ™barokahğŸ™untuk', 'mempermudah', 'akun', 'kalian', 'bisa', 'aktif', 'dan', 'kalian', 'sudah', 'bisa', 'puas', 'mengakses', 'keseluruhan', 'di', 'dalam', 'aplikasi', 'ini', 'jadi', 'makin', 'hari', 'makin', 'bagus', 'untuk', 'aplikassi', 'ini', 'dan', 'sangat', 'memuaskan', 'sekali', 'jadi', 'gak', 'siasia', 'aja', 'saat', 'menggunakan', 'aplikasi', 'iniğŸ‘']","['makin', 'hari', 'makin', 'bagus', 'isilah', 'ni', 'koede', 'undanggg', 'ğŸ™barokahğŸ™untuk', 'mempermudah', 'akun', 'kalian', 'aktif', 'kalian', 'puas', 'mengakses', 'keseluruhan', 'aplikasi', 'jadi', 'makin', 'hari', 'makin', 'bagus', 'aplikassi', 'sangat', 'memuaskan', 'sekali', 'jadi', 'gak', 'siasia', 'aja', 'menggunakan', 'aplikasi', 'iniğŸ‘']","['makin', 'hari', 'makin', 'bagus', 'isi', 'ni', 'koede', 'undanggg', 'barokah untuk', 'mudah', 'akun', 'kalian', 'aktif', 'kalian', 'puas', 'akses', 'seluruh', 'aplikasi', 'jadi', 'makin', 'hari', 'makin', 'bagus', 'aplikassi', 'sangat', 'muas', 'sekali', 'jadi', 'gak', 'siasia', 'aja', 'guna', 'aplikasi', 'ini']"
Penjualan aset sungguh sangat lama sudah dari sehari tapi aset yang saya jual tidak laku-laku,1,penjualan aset sungguh sangat lama sudah dari sehari tapi aset yang saya jual tidak lakulaku,"['penjualan', 'aset', 'sungguh', 'sangat', 'lama', 'sudah', 'dari', 'sehari', 'tapi', 'aset', 'yang', 'saya', 'jual', 'tidak', 'lakulaku']","['penjualan', 'aset', 'sungguh', 'sangat', 'lama', 'sehari', 'aset', 'jual', 'lakulaku']","['jual', 'aset', 'sungguh', 'sangat', 'lama', 'hari', 'aset', 'jual', 'lakulaku']"
